{"Fid":"fKnaCv4fTVi5j3SQ_6diHo","Status":3,"AuthToken":"eyJhbGciOiJFUzI1NiIsInR5cCI6IkpXVCJ9.eyJhcHBJZCI6IjE6NjM2ODEzODMyNjYyOmFuZHJvaWQ6NmVlMWZhZWNlZGIzYjFkYmZjNzQ3NyIsImV4cCI6MTc2MjQzMTU3NywiZmlkIjoiZktuYUN2NGZUVmk1ajNTUV82ZGlIbyIsInByb2plY3ROdW1iZXIiOjYzNjgxMzgzMjY2Mn0.AB2LPV8wRgIhAKOJokDb68igH8ZPA7dvtldJKADiT6lXUEY3AqiV5bgUAiEA41Yvr0L3b82nGP4IOOzMzxSMLYmonSRl6qipkYXUIuk","RefreshToken":"3_AS3qfwLhZm8dv_icnYybcMe65JiUbEU_dgTZjxiC2EAFR2Dvw6FF4HYsdZEfgqubHagjmpMHA0c6cG39LDddd9mKdYG29JlRryzNrM2FL_rakT8","TokenCreationEpochInSecs":1761826776,"ExpiresInSecs":604800}