<?xml version='1.0' encoding='utf-8' standalone='yes' ?>
<map>
    <set name="fire-installations/18.0.0 fire-cls/19.1.0 fire-rc/22.0.0 fire-dl/22.1.0 fire-abt/21.1.1 fire-core/21.0.0 fire-vertex/16.2.0 fire-core-ktx/21.0.0 fire-sessions/2.0.4 android-platform/ fire-transport/19.0.0 fire-dl-ktx/22.1.0 kotlin/2.0.21 device-model/TECNO-KI7 fire-auth/23.0.0 android-min-sdk/24 device-brand/TECNO fire-android/33 android-installer/com.android.vending fire-perf/21.0.1 device-name/KI7-GL fire-analytics/22.1.0 fire-analytics-ktx/22.1.0 fire-cfg-ktx/22.0.0 fire-fcm/24.0.1 android-target-sdk/27">
        <string>2025-10-30</string>
    </set>
    <long name="fire-count" value="1" />
    <string name="last-used-date">2025-10-30</string>
    <long name="fire-global" value="1761826776848" />
</map>
